"id","name","year","val_1652550","val_1652551","val_1652552","val_1652553","val_1652554","measureUnitId_1652550","measureName_1652550","measureUnitId_1652551","measureName_1652551","measureUnitId_1652552","measureName_1652552","measureUnitId_1652553","measureName_1652553","measureUnitId_1652554","measureName_1652554","attrId_1652550","attributeDescription_1652550","attrId_1652551","attributeDescription_1652551","attrId_1652552","attributeDescription_1652552","attrId_1652553","attributeDescription_1652553","attrId_1652554","attributeDescription_1652554"
"011212001000","Powiat bocheński","2021",3779,4695,4673,5819,8867,"37","gosp.","37","gosp.","37","gosp.","37","gosp.","37","gosp.",1,"",1,"",1,"",1,"",1,""
"011212006000","Powiat krakowski","2021",10754,14940,15964,18204,21252,"37","gosp.","37","gosp.","37","gosp.","37","gosp.","37","gosp.",1,"",1,"",1,"",1,"",1,""
"011212008000","Powiat miechowski","2021",2450,2669,2396,2226,3779,"37","gosp.","37","gosp.","37","gosp.","37","gosp.","37","gosp.",1,"",1,"",1,"",1,"",1,""
"011212009000","Powiat myślenicki","2021",3701,4629,4979,6317,11674,"37","gosp.","37","gosp.","37","gosp.","37","gosp.","37","gosp.",1,"",1,"",1,"",1,"",1,""
"011212014000","Powiat proszowicki","2021",1470,1877,1942,2121,3682,"37","gosp.","37","gosp.","37","gosp.","37","gosp.","37","gosp.",1,"",1,"",1,"",1,"",1,""
"011212019000","Powiat wielicki","2021",5081,7140,7440,8688,9770,"37","gosp.","37","gosp.","37","gosp.","37","gosp.","37","gosp.",1,"",1,"",1,"",1,"",1,""
"011212161000","Powiat m. Kraków","2021",104198,93278,57090,39970,26172,"37","gosp.","37","gosp.","37","gosp.","37","gosp.","37","gosp.",1,"",1,"",1,"",1,"",1,""
"011212205000","Powiat gorlicki","2021",4191,5320,4949,5145,8813,"37","gosp.","37","gosp.","37","gosp.","37","gosp.","37","gosp.",1,"",1,"",1,"",1,"",1,""
"011212207000","Powiat limanowski","2021",3200,3697,4012,5417,12947,"37","gosp.","37","gosp.","37","gosp.","37","gosp.","37","gosp.",1,"",1,"",1,"",1,"",1,""
"011212210000","Powiat nowosądecki","2021",5299,6875,7520,9737,20180,"37","gosp.","37","gosp.","37","gosp.","37","gosp.","37","gosp.",1,"",1,"",1,"",1,"",1,""
"011212262000","Powiat m. Nowy Sącz","2021",5643,6127,4954,4596,4758,"37","gosp.","37","gosp.","37","gosp.","37","gosp.","37","gosp.",1,"",1,"",1,"",1,"",1,""
"011212303000","Powiat chrzanowski","2021",7510,9448,7686,6884,7296,"37","gosp.","37","gosp.","37","gosp.","37","gosp.","37","gosp.",1,"",1,"",1,"",1,"",1,""
"011212312000","Powiat olkuski","2021",5597,7287,6372,5832,7360,"37","gosp.","37","gosp.","37","gosp.","37","gosp.","37","gosp.",1,"",1,"",1,"",1,"",1,""
"011212313000","Powiat oświęcimski","2021",8364,10419,8880,8415,9836,"37","gosp.","37","gosp.","37","gosp.","37","gosp.","37","gosp.",1,"",1,"",1,"",1,"",1,""
"011212318000","Powiat wadowicki","2021",5919,7507,7515,8399,12658,"37","gosp.","37","gosp.","37","gosp.","37","gosp.","37","gosp.",1,"",1,"",1,"",1,"",1,""
"011212402000","Powiat brzeski","2021",3174,3868,4110,4759,7851,"37","gosp.","37","gosp.","37","gosp.","37","gosp.","37","gosp.",1,"",1,"",1,"",1,"",1,""
"011212404000","Powiat dąbrowski","2021",2005,2248,2453,2794,5106,"37","gosp.","37","gosp.","37","gosp.","37","gosp.","37","gosp.",1,"",1,"",1,"",1,"",1,""
"011212416000","Powiat tarnowski","2021",5460,7176,8165,10093,17573,"37","gosp.","37","gosp.","37","gosp.","37","gosp.","37","gosp.",1,"",1,"",1,"",1,"",1,""
"011212463000","Powiat m. Tarnów","2021",9681,10017,7674,5810,4789,"37","gosp.","37","gosp.","37","gosp.","37","gosp.","37","gosp.",1,"",1,"",1,"",1,"",1,""
"011216911000","Powiat nowotarski","2021",6469,7052,7276,8320,17378,"37","gosp.","37","gosp.","37","gosp.","37","gosp.","37","gosp.",1,"",1,"",1,"",1,"",1,""
"011216915000","Powiat suski","2021",2781,3365,3297,3828,7370,"37","gosp.","37","gosp.","37","gosp.","37","gosp.","37","gosp.",1,"",1,"",1,"",1,"",1,""
"011216917000","Powiat tatrzański","2021",3476,3045,2712,2844,5523,"37","gosp.","37","gosp.","37","gosp.","37","gosp.","37","gosp.",1,"",1,"",1,"",1,"",1,""
"012414402000","Powiat bielski","2021",5839,8512,8570,9108,12410,"37","gosp.","37","gosp.","37","gosp.","37","gosp.","37","gosp.",1,"",1,"",1,"",1,"",1,""
"012414403000","Powiat cieszyński","2021",8745,10899,9008,8897,12934,"37","gosp.","37","gosp.","37","gosp.","37","gosp.","37","gosp.",1,"",1,"",1,"",1,"",1,""
"012414417000","Powiat żywiecki","2021",5930,7322,7045,7458,12067,"37","gosp.","37","gosp.","37","gosp.","37","gosp.","37","gosp.",1,"",1,"",1,"",1,"",1,""
"012414461000","Powiat m. Bielsko-Biała","2021",15477,16337,11443,8684,8177,"37","gosp.","37","gosp.","37","gosp.","37","gosp.","37","gosp.",1,"",1,"",1,"",1,"",1,""
"012414507000","Powiat lubliniecki","2021",3404,4130,3940,3998,5609,"37","gosp.","37","gosp.","37","gosp.","37","gosp.","37","gosp.",1,"",1,"",1,"",1,"",1,""
"012414513000","Powiat tarnogórski","2021",8251,10583,9140,8053,7994,"37","gosp.","37","gosp.","37","gosp.","37","gosp.","37","gosp.",1,"",1,"",1,"",1,"",1,""
"012414562000","Powiat m. Bytom","2021",19137,18720,12016,7701,4849,"37","gosp.","37","gosp.","37","gosp.","37","gosp.","37","gosp.",1,"",1,"",1,"",1,"",1,""
"012414571000","Powiat m. Piekary Śląskie","2021",5145,5759,3971,2775,2097,"37","gosp.","37","gosp.","37","gosp.","37","gosp.","37","gosp.",1,"",1,"",1,"",1,"",1,""
"012414604000","Powiat częstochowski","2021",5807,7922,7673,7643,9366,"37","gosp.","37","gosp.","37","gosp.","37","gosp.","37","gosp.",1,"",1,"",1,"",1,"",1,""
"012414606000","Powiat kłobucki","2021",3154,4232,4307,4602,6520,"37","gosp.","37","gosp.","37","gosp.","37","gosp.","37","gosp.",1,"",1,"",1,"",1,"",1,""
"012414609000","Powiat myszkowski","2021",4068,5156,4316,3884,4325,"37","gosp.","37","gosp.","37","gosp.","37","gosp.","37","gosp.",1,"",1,"",1,"",1,"",1,""
"012414664000","Powiat m. Częstochowa","2021",22903,23996,16147,11313,7701,"37","gosp.","37","gosp.","37","gosp.","37","gosp.","37","gosp.",1,"",1,"",1,"",1,"",1,""
"012414705000","Powiat gliwicki","2021",6702,8871,7240,6739,6467,"37","gosp.","37","gosp.","37","gosp.","37","gosp.","37","gosp.",1,"",1,"",1,"",1,"",1,""
"012414766000","Powiat m. Gliwice","2021",20026,20929,13350,9361,5649,"37","gosp.","37","gosp.","37","gosp.","37","gosp.","37","gosp.",1,"",1,"",1,"",1,"",1,""
"012414778000","Powiat m. Zabrze","2021",16919,17344,12073,8277,6118,"37","gosp.","37","gosp.","37","gosp.","37","gosp.","37","gosp.",1,"",1,"",1,"",1,"",1,""
"012414863000","Powiat m. Chorzów","2021",14763,13544,8158,5238,2740,"37","gosp.","37","gosp.","37","gosp.","37","gosp.","37","gosp.",1,"",1,"",1,"",1,"",1,""
"012414869000","Powiat m. Katowice","2021",39116,37742,22361,13941,7709,"37","gosp.","37","gosp.","37","gosp.","37","gosp.","37","gosp.",1,"",1,"",1,"",1,"",1,""
"012414870000","Powiat m. Mysłowice","2021",6190,7201,5315,4199,3111,"37","gosp.","37","gosp.","37","gosp.","37","gosp.","37","gosp.",1,"",1,"",1,"",1,"",1,""
"012414872000","Powiat m. Ruda Śląska","2021",13991,15648,10673,7643,4350,"37","gosp.","37","gosp.","37","gosp.","37","gosp.","37","gosp.",1,"",1,"",1,"",1,"",1,""
"012414874000","Powiat m. Siemianowice Śląskie","2021",8315,8484,5270,3287,1732,"37","gosp.","37","gosp.","37","gosp.","37","gosp.","37","gosp.",1,"",1,"",1,"",1,"",1,""
"012414876000","Powiat m. Świętochłowice","2021",5953,5915,3711,2433,1312,"37","gosp.","37","gosp.","37","gosp.","37","gosp.","37","gosp.",1,"",1,"",1,"",1,"",1,""
"012414911000","Powiat raciborski","2021",6591,7600,6256,5413,6319,"37","gosp.","37","gosp.","37","gosp.","37","gosp.","37","gosp.",1,"",1,"",1,"",1,"",1,""
"012414912000","Powiat rybnicki","2021",2588,3971,4106,4307,5877,"37","gosp.","37","gosp.","37","gosp.","37","gosp.","37","gosp.",1,"",1,"",1,"",1,"",1,""
"012414915000","Powiat wodzisławski","2021",7506,9818,8872,8516,10678,"37","gosp.","37","gosp.","37","gosp.","37","gosp.","37","gosp.",1,"",1,"",1,"",1,"",1,""
"012414967000","Powiat m. Jastrzębie-Zdrój","2021",6612,8711,6022,4834,3953,"37","gosp.","37","gosp.","37","gosp.","37","gosp.","37","gosp.",1,"",1,"",1,"",1,"",1,""
"012414973000","Powiat m. Rybnik","2021",8486,10654,8520,7371,7915,"37","gosp.","37","gosp.","37","gosp.","37","gosp.","37","gosp.",1,"",1,"",1,"",1,"",1,""
"012414979000","Powiat m. Żory","2021",3317,5469,4227,3858,3243,"37","gosp.","37","gosp.","37","gosp.","37","gosp.","37","gosp.",1,"",1,"",1,"",1,"",1,""
"012415001000","Powiat będziński","2021",12466,14475,11016,8151,6601,"37","gosp.","37","gosp.","37","gosp.","37","gosp.","37","gosp.",1,"",1,"",1,"",1,"",1,""
"012415016000","Powiat zawierciański","2021",8354,9741,7396,6095,6530,"37","gosp.","37","gosp.","37","gosp.","37","gosp.","37","gosp.",1,"",1,"",1,"",1,"",1,""
"012415065000","Powiat m. Dąbrowa Górnicza","2021",11110,13234,9325,6209,4374,"37","gosp.","37","gosp.","37","gosp.","37","gosp.","37","gosp.",1,"",1,"",1,"",1,"",1,""
"012415068000","Powiat m. Jaworzno","2021",6906,8365,6495,5095,4269,"37","gosp.","37","gosp.","37","gosp.","37","gosp.","37","gosp.",1,"",1,"",1,"",1,"",1,""
"012415075000","Powiat m. Sosnowiec","2021",23391,25679,16166,9554,5321,"37","gosp.","37","gosp.","37","gosp.","37","gosp.","37","gosp.",1,"",1,"",1,"",1,"",1,""
"012415108000","Powiat mikołowski","2021",5147,7142,6205,6059,6022,"37","gosp.","37","gosp.","37","gosp.","37","gosp.","37","gosp.",1,"",1,"",1,"",1,"",1,""
"012415110000","Powiat pszczyński","2021",3845,5846,5620,6296,8516,"37","gosp.","37","gosp.","37","gosp.","37","gosp.","37","gosp.",1,"",1,"",1,"",1,"",1,""
"012415114000","Powiat bieruńsko-lędziński","2021",2071,3083,3260,3423,4519,"37","gosp.","37","gosp.","37","gosp.","37","gosp.","37","gosp.",1,"",1,"",1,"",1,"",1,""
"012415177000","Powiat m. Tychy","2021",11538,13917,9471,7226,4766,"37","gosp.","37","gosp.","37","gosp.","37","gosp.","37","gosp.",1,"",1,"",1,"",1,"",1,""
"020811301000","Powiat gorzowski","2021",3448,4931,4548,4422,4311,"37","gosp.","37","gosp.","37","gosp.","37","gosp.","37","gosp.",1,"",1,"",1,"",1,"",1,""
"020811303000","Powiat międzyrzecki","2021",3566,4535,3735,3135,3056,"37","gosp.","37","gosp.","37","gosp.","37","gosp.","37","gosp.",1,"",1,"",1,"",1,"",1,""
"020811305000","Powiat słubicki","2021",3167,3826,3084,2636,2502,"37","gosp.","37","gosp.","37","gosp.","37","gosp.","37","gosp.",1,"",1,"",1,"",1,"",1,""
"020811306000","Powiat strzelecko-drezdenecki","2021",2960,3705,2979,2599,2832,"37","gosp.","37","gosp.","37","gosp.","37","gosp.","37","gosp.",1,"",1,"",1,"",1,"",1,""
"020811307000","Powiat sulęciński","2021",1988,2568,2057,2001,2036,"37","gosp.","37","gosp.","37","gosp.","37","gosp.","37","gosp.",1,"",1,"",1,"",1,"",1,""
"020811361000","Powiat m. Gorzów Wielkopolski","2021",12775,13889,9573,6627,4022,"37","gosp.","37","gosp.","37","gosp.","37","gosp.","37","gosp.",1,"",1,"",1,"",1,"",1,""
"020811402000","Powiat krośnieński","2021",3350,4396,3473,2999,3094,"37","gosp.","37","gosp.","37","gosp.","37","gosp.","37","gosp.",1,"",1,"",1,"",1,"",1,""
"020811404000","Powiat nowosolski","2021",5888,7055,5487,4557,4594,"37","gosp.","37","gosp.","37","gosp.","37","gosp.","37","gosp.",1,"",1,"",1,"",1,"",1,""
"020811408000","Powiat świebodziński","2021",3453,4143,3350,3041,3155,"37","gosp.","37","gosp.","37","gosp.","37","gosp.","37","gosp.",1,"",1,"",1,"",1,"",1,""
"020811409000","Powiat zielonogórski","2021",3744,5212,4602,4357,4566,"37","gosp.","37","gosp.","37","gosp.","37","gosp.","37","gosp.",1,"",1,"",1,"",1,"",1,""
"020811410000","Powiat żagański","2021",5548,6573,4982,4063,4082,"37","gosp.","37","gosp.","37","gosp.","37","gosp.","37","gosp.",1,"",1,"",1,"",1,"",1,""
"020811411000","Powiat żarski","2021",6533,7695,6092,5254,5157,"37","gosp.","37","gosp.","37","gosp.","37","gosp.","37","gosp.",1,"",1,"",1,"",1,"",1,""
"020811412000","Powiat wschowski","2021",1983,2644,2157,1999,2534,"37","gosp.","37","gosp.","37","gosp.","37","gosp.","37","gosp.",1,"",1,"",1,"",1,"",1,""
"020811462000","Powiat m. Zielona Góra","2021",14290,15531,10730,8002,4969,"37","gosp.","37","gosp.","37","gosp.","37","gosp.","37","gosp.",1,"",1,"",1,"",1,"",1,""
"023015706000","Powiat jarociński","2021",3028,4156,3836,3588,5271,"37","gosp.","37","gosp.","37","gosp.","37","gosp.","37","gosp.",1,"",1,"",1,"",1,"",1,""
"023015707000","Powiat kaliski","2021",2410,3387,3838,4327,7104,"37","gosp.","37","gosp.","37","gosp.","37","gosp.","37","gosp.",1,"",1,"",1,"",1,"",1,""
"023015708000","Powiat kępiński","2021",2207,3070,2948,3181,4223,"37","gosp.","37","gosp.","37","gosp.","37","gosp.","37","gosp.",1,"",1,"",1,"",1,"",1,""
"023015712000","Powiat krotoszyński","2021",3069,4024,3975,3965,5879,"37","gosp.","37","gosp.","37","gosp.","37","gosp.","37","gosp.",1,"",1,"",1,"",1,"",1,""
"023015717000","Powiat ostrowski","2021",8056,10434,8972,8863,10937,"37","gosp.","37","gosp.","37","gosp.","37","gosp.","37","gosp.",1,"",1,"",1,"",1,"",1,""
"023015718000","Powiat ostrzeszowski","2021",2120,2841,2643,2909,4361,"37","gosp.","37","gosp.","37","gosp.","37","gosp.","37","gosp.",1,"",1,"",1,"",1,"",1,""
"023015720000","Powiat pleszewski","2021",2306,3094,3148,3243,4854,"37","gosp.","37","gosp.","37","gosp.","37","gosp.","37","gosp.",1,"",1,"",1,"",1,"",1,""
"023015761000","Powiat m. Kalisz","2021",10111,10562,7135,4977,3777,"37","gosp.","37","gosp.","37","gosp.","37","gosp.","37","gosp.",1,"",1,"",1,"",1,"",1,""
"023015803000","Powiat gnieźnieński","2021",8401,10698,8801,8081,8398,"37","gosp.","37","gosp.","37","gosp.","37","gosp.","37","gosp.",1,"",1,"",1,"",1,"",1,""
"023015809000","Powiat kolski","2021",4398,5423,4709,4371,5794,"37","gosp.","37","gosp.","37","gosp.","37","gosp.","37","gosp.",1,"",1,"",1,"",1,"",1,""
"023015810000","Powiat koniński","2021",3607,5801,6445,7247,10231,"37","gosp.","37","gosp.","37","gosp.","37","gosp.","37","gosp.",1,"",1,"",1,"",1,"",1,""
"023015823000","Powiat słupecki","2021",2452,3268,3020,3139,4296,"37","gosp.","37","gosp.","37","gosp.","37","gosp.","37","gosp.",1,"",1,"",1,"",1,"",1,""
"023015827000","Powiat turecki","2021",3863,5141,4599,4617,5706,"37","gosp.","37","gosp.","37","gosp.","37","gosp.","37","gosp.",1,"",1,"",1,"",1,"",1,""
"023015830000","Powiat wrzesiński","2021",4380,5597,4924,4580,4767,"37","gosp.","37","gosp.","37","gosp.","37","gosp.","37","gosp.",1,"",1,"",1,"",1,"",1,""
"023015862000","Powiat m. Konin","2021",6679,7673,5376,3797,2762,"37","gosp.","37","gosp.","37","gosp.","37","gosp.","37","gosp.",1,"",1,"",1,"",1,"",1,""
"023015904000","Powiat gostyński","2021",2784,4004,3859,4101,5680,"37","gosp.","37","gosp.","37","gosp.","37","gosp.","37","gosp.",1,"",1,"",1,"",1,"",1,""
"023015905000","Powiat grodziski","2021",1708,2365,2568,2871,4122,"37","gosp.","37","gosp.","37","gosp.","37","gosp.","37","gosp.",1,"",1,"",1,"",1,"",1,""
"023015911000","Powiat kościański","2021",3492,4740,4346,4305,5485,"37","gosp.","37","gosp.","37","gosp.","37","gosp.","37","gosp.",1,"",1,"",1,"",1,"",1,""
"023015913000","Powiat leszczyński","2021",1656,2833,3119,3578,4355,"37","gosp.","37","gosp.","37","gosp.","37","gosp.","37","gosp.",1,"",1,"",1,"",1,"",1,""
"023015914000","Powiat międzychodzki","2021",1974,2514,2126,2080,2197,"37","gosp.","37","gosp.","37","gosp.","37","gosp.","37","gosp.",1,"",1,"",1,"",1,"",1,""
"023015915000","Powiat nowotomyski","2021",3269,4365,4041,4353,5241,"37","gosp.","37","gosp.","37","gosp.","37","gosp.","37","gosp.",1,"",1,"",1,"",1,"",1,""
"023015922000","Powiat rawicki","2021",2871,3745,3328,3253,4163,"37","gosp.","37","gosp.","37","gosp.","37","gosp.","37","gosp.",1,"",1,"",1,"",1,"",1,""
"023015929000","Powiat wolsztyński","2021",2040,2927,2752,3157,4509,"37","gosp.","37","gosp.","37","gosp.","37","gosp.","37","gosp.",1,"",1,"",1,"",1,"",1,""
"023015963000","Powiat m. Leszno","2021",5220,6052,4549,3514,2705,"37","gosp.","37","gosp.","37","gosp.","37","gosp.","37","gosp.",1,"",1,"",1,"",1,"",1,""
"023016001000","Powiat chodzieski","2021",2281,3068,2622,2388,3147,"37","gosp.","37","gosp.","37","gosp.","37","gosp.","37","gosp.",1,"",1,"",1,"",1,"",1,""
"023016002000","Powiat czarnkowsko-trzcianecki","2021",4058,5376,4835,4700,5728,"37","gosp.","37","gosp.","37","gosp.","37","gosp.","37","gosp.",1,"",1,"",1,"",1,"",1,""
"023016019000","Powiat pilski","2021",8310,10793,8495,7369,7535,"37","gosp.","37","gosp.","37","gosp.","37","gosp.","37","gosp.",1,"",1,"",1,"",1,"",1,""
"023016028000","Powiat wągrowiecki","2021",3296,4483,4177,3830,4619,"37","gosp.","37","gosp.","37","gosp.","37","gosp.","37","gosp.",1,"",1,"",1,"",1,"",1,""
"023016031000","Powiat złotowski","2021",3386,4415,3740,3611,4718,"37","gosp.","37","gosp.","37","gosp.","37","gosp.","37","gosp.",1,"",1,"",1,"",1,"",1,""
"023016116000","Powiat obornicki","2021",2810,3707,3362,3257,3916,"37","gosp.","37","gosp.","37","gosp.","37","gosp.","37","gosp.",1,"",1,"",1,"",1,"",1,""
"023016121000","Powiat poznański","2021",18722,29292,28352,29657,22939,"37","gosp.","37","gosp.","37","gosp.","37","gosp.","37","gosp.",1,"",1,"",1,"",1,"",1,""
"023016124000","Powiat szamotulski","2021",4163,6095,5543,5245,5891,"37","gosp.","37","gosp.","37","gosp.","37","gosp.","37","gosp.",1,"",1,"",1,"",1,"",1,""
"023016125000","Powiat średzki","2021",2866,3964,3602,3452,3881,"37","gosp.","37","gosp.","37","gosp.","37","gosp.","37","gosp.",1,"",1,"",1,"",1,"",1,""
"023016126000","Powiat śremski","2021",3175,4373,3680,3636,3746,"37","gosp.","37","gosp.","37","gosp.","37","gosp.","37","gosp.",1,"",1,"",1,"",1,"",1,""
"023016264000","Powiat m. Poznań","2021",70535,67132,39012,26566,17748,"37","gosp.","37","gosp.","37","gosp.","37","gosp.","37","gosp.",1,"",1,"",1,"",1,"",1,""
"023216301000","Powiat białogardzki","2021",3177,3845,3001,2454,2494,"37","gosp.","37","gosp.","37","gosp.","37","gosp.","37","gosp.",1,"",1,"",1,"",1,"",1,""
"023216308000","Powiat kołobrzeski","2021",6382,7405,5459,4138,3563,"37","gosp.","37","gosp.","37","gosp.","37","gosp.","37","gosp.",1,"",1,"",1,"",1,"",1,""
"023216309000","Powiat koszaliński","2021",3030,4707,4189,3745,3946,"37","gosp.","37","gosp.","37","gosp.","37","gosp.","37","gosp.",1,"",1,"",1,"",1,"",1,""
"023216313000","Powiat sławieński","2021",2882,3852,3074,2749,3532,"37","gosp.","37","gosp.","37","gosp.","37","gosp.","37","gosp.",1,"",1,"",1,"",1,"",1,""
"023216361000","Powiat m. Koszalin","2021",11641,12221,8290,5694,3598,"37","gosp.","37","gosp.","37","gosp.","37","gosp.","37","gosp.",1,"",1,"",1,"",1,"",1,""
"023216402000","Powiat choszczeński","2021",2924,3668,2962,2472,2634,"37","gosp.","37","gosp.","37","gosp.","37","gosp.","37","gosp.",1,"",1,"",1,"",1,"",1,""
"023216403000","Powiat drawski","2021",3605,4673,3639,3078,2982,"37","gosp.","37","gosp.","37","gosp.","37","gosp.","37","gosp.",1,"",1,"",1,"",1,"",1,""
"023216410000","Powiat myśliborski","2021",3966,5014,4086,3437,3635,"37","gosp.","37","gosp.","37","gosp.","37","gosp.","37","gosp.",1,"",1,"",1,"",1,"",1,""
"023216412000","Powiat pyrzycki","2021",2076,2809,2296,1956,2307,"37","gosp.","37","gosp.","37","gosp.","37","gosp.","37","gosp.",1,"",1,"",1,"",1,"",1,""
"023216415000","Powiat szczecinecki","2021",5712,6900,5029,3836,3808,"37","gosp.","37","gosp.","37","gosp.","37","gosp.","37","gosp.",1,"",1,"",1,"",1,"",1,""
"023216416000","Powiat świdwiński","2021",3082,3771,2903,2335,2460,"37","gosp.","37","gosp.","37","gosp.","37","gosp.","37","gosp.",1,"",1,"",1,"",1,"",1,""
"023216417000","Powiat wałecki","2021",3411,4422,3412,2795,2752,"37","gosp.","37","gosp.","37","gosp.","37","gosp.","37","gosp.",1,"",1,"",1,"",1,"",1,""
"023216418000","Powiat łobeski","2021",2343,2909,2339,1847,1890,"37","gosp.","37","gosp.","37","gosp.","37","gosp.","37","gosp.",1,"",1,"",1,"",1,"",1,""
"023216562000","Powiat m. Szczecin","2021",45274,46076,30347,20923,13266,"37","gosp.","37","gosp.","37","gosp.","37","gosp.","37","gosp.",1,"",1,"",1,"",1,"",1,""
"023216604000","Powiat goleniowski","2021",4835,6483,5377,4584,4556,"37","gosp.","37","gosp.","37","gosp.","37","gosp.","37","gosp.",1,"",1,"",1,"",1,"",1,""
"023216605000","Powiat gryficki","2021",3546,4527,3664,2966,3397,"37","gosp.","37","gosp.","37","gosp.","37","gosp.","37","gosp.",1,"",1,"",1,"",1,"",1,""
"023216606000","Powiat gryfiński","2021",4624,6068,4946,4358,4567,"37","gosp.","37","gosp.","37","gosp.","37","gosp.","37","gosp.",1,"",1,"",1,"",1,"",1,""
"023216607000","Powiat kamieński","2021",3160,3852,2929,2279,2509,"37","gosp.","37","gosp.","37","gosp.","37","gosp.","37","gosp.",1,"",1,"",1,"",1,"",1,""
"023216611000","Powiat policki","2021",4510,6943,6220,5469,3754,"37","gosp.","37","gosp.","37","gosp.","37","gosp.","37","gosp.",1,"",1,"",1,"",1,"",1,""
"023216614000","Powiat stargardzki","2021",7995,10549,8364,6813,5891,"37","gosp.","37","gosp.","37","gosp.","37","gosp.","37","gosp.",1,"",1,"",1,"",1,"",1,""
"023216663000","Powiat m. Świnoujście","2021",4549,4710,3243,2002,1348,"37","gosp.","37","gosp.","37","gosp.","37","gosp.","37","gosp.",1,"",1,"",1,"",1,"",1,""
"030210101000","Powiat bolesławiecki","2021",6095,7241,5629,4845,4919,"37","gosp.","37","gosp.","37","gosp.","37","gosp.","37","gosp.",1,"",1,"",1,"",1,"",1,""
"030210105000","Powiat jaworski","2021",2936,3907,3060,2443,2828,"37","gosp.","37","gosp.","37","gosp.","37","gosp.","37","gosp.",1,"",1,"",1,"",1,"",1,""
"030210106000","Powiat karkonoski","2021",4300,5009,4055,3061,3398,"37","gosp.","37","gosp.","37","gosp.","37","gosp.","37","gosp.",1,"",1,"",1,"",1,"",1,""
"030210107000","Powiat kamiennogórski","2021",3415,3652,2684,2058,2261,"37","gosp.","37","gosp.","37","gosp.","37","gosp.","37","gosp.",1,"",1,"",1,"",1,"",1,""
"030210110000","Powiat lubański","2021",3807,4580,3423,2709,2876,"37","gosp.","37","gosp.","37","gosp.","37","gosp.","37","gosp.",1,"",1,"",1,"",1,"",1,""
"030210112000","Powiat lwówecki","2021",3137,3525,2756,2220,2568,"37","gosp.","37","gosp.","37","gosp.","37","gosp.","37","gosp.",1,"",1,"",1,"",1,"",1,""
"030210125000","Powiat zgorzelecki","2021",7036,8422,6409,4574,4070,"37","gosp.","37","gosp.","37","gosp.","37","gosp.","37","gosp.",1,"",1,"",1,"",1,"",1,""
"030210126000","Powiat złotoryjski","2021",2711,3288,2734,2232,2366,"37","gosp.","37","gosp.","37","gosp.","37","gosp.","37","gosp.",1,"",1,"",1,"",1,"",1,""
"030210161000","Powiat m. Jelenia Góra","2021",9251,9468,6126,3625,2581,"37","gosp.","37","gosp.","37","gosp.","37","gosp.","37","gosp.",1,"",1,"",1,"",1,"",1,""
"030210203000","Powiat głogowski","2021",6272,8796,6414,5054,3801,"37","gosp.","37","gosp.","37","gosp.","37","gosp.","37","gosp.",1,"",1,"",1,"",1,"",1,""
"030210204000","Powiat górowski","2021",1964,2608,2042,1773,2057,"37","gosp.","37","gosp.","37","gosp.","37","gosp.","37","gosp.",1,"",1,"",1,"",1,"",1,""
"030210209000","Powiat legnicki","2021",2850,3926,3341,3099,3307,"37","gosp.","37","gosp.","37","gosp.","37","gosp.","37","gosp.",1,"",1,"",1,"",1,"",1,""
"030210211000","Powiat lubiński","2021",8842,11292,7853,6458,3943,"37","gosp.","37","gosp.","37","gosp.","37","gosp.","37","gosp.",1,"",1,"",1,"",1,"",1,""
"030210216000","Powiat polkowicki","2021",4033,5242,3975,3801,3228,"37","gosp.","37","gosp.","37","gosp.","37","gosp.","37","gosp.",1,"",1,"",1,"",1,"",1,""
"030210262000","Powiat m. Legnica","2021",10720,11185,7310,5009,3295,"37","gosp.","37","gosp.","37","gosp.","37","gosp.","37","gosp.",1,"",1,"",1,"",1,"",1,""
"030210302000","Powiat dzierżoniowski","2021",8607,9405,6755,5140,4581,"37","gosp.","37","gosp.","37","gosp.","37","gosp.","37","gosp.",1,"",1,"",1,"",1,"",1,""
"030210308000","Powiat kłodzki","2021",13017,14173,10300,7457,7481,"37","gosp.","37","gosp.","37","gosp.","37","gosp.","37","gosp.",1,"",1,"",1,"",1,"",1,""
"030210319000","Powiat świdnicki","2021",12256,14174,10729,8190,7381,"37","gosp.","37","gosp.","37","gosp.","37","gosp.","37","gosp.",1,"",1,"",1,"",1,"",1,""
"030210321000","Powiat wałbrzyski","2021",4687,5210,3802,2692,2565,"37","gosp.","37","gosp.","37","gosp.","37","gosp.","37","gosp.",1,"",1,"",1,"",1,"",1,""
"030210324000","Powiat ząbkowicki","2021",4210,4835,3844,2986,3745,"37","gosp.","37","gosp.","37","gosp.","37","gosp.","37","gosp.",1,"",1,"",1,"",1,"",1,""
"030210365000","Powiat m. Wałbrzych od 2013","2021",13213,13570,8503,4928,3066,"37","gosp.","37","gosp.","37","gosp.","37","gosp.","37","gosp.",1,"",1,"",1,"",1,"",1,""
"030210413000","Powiat milicki","2021",1762,2304,1879,1997,2472,"37","gosp.","37","gosp.","37","gosp.","37","gosp.","37","gosp.",1,"",1,"",1,"",1,"",1,""
"030210414000","Powiat oleśnicki","2021",6235,8023,6816,6100,6140,"37","gosp.","37","gosp.","37","gosp.","37","gosp.","37","gosp.",1,"",1,"",1,"",1,"",1,""
"030210415000","Powiat oławski","2021",5153,6461,5325,4599,3979,"37","gosp.","37","gosp.","37","gosp.","37","gosp.","37","gosp.",1,"",1,"",1,"",1,"",1,""
"030210417000","Powiat strzeliński","2021",2452,3049,2622,2236,2634,"37","gosp.","37","gosp.","37","gosp.","37","gosp.","37","gosp.",1,"",1,"",1,"",1,"",1,""
"030210418000","Powiat średzki","2021",2686,3797,3536,3543,3498,"37","gosp.","37","gosp.","37","gosp.","37","gosp.","37","gosp.",1,"",1,"",1,"",1,"",1,""
"030210420000","Powiat trzebnicki","2021",4128,5620,5087,4770,5553,"37","gosp.","37","gosp.","37","gosp.","37","gosp.","37","gosp.",1,"",1,"",1,"",1,"",1,""
"030210422000","Powiat wołowski","2021",3328,3943,3153,2521,2433,"37","gosp.","37","gosp.","37","gosp.","37","gosp.","37","gosp.",1,"",1,"",1,"",1,"",1,""
"030210423000","Powiat wrocławski","2021",7978,12085,12091,12382,8966,"37","gosp.","37","gosp.","37","gosp.","37","gosp.","37","gosp.",1,"",1,"",1,"",1,"",1,""
"030210564000","Powiat m. Wrocław","2021",90126,86359,51874,33598,18678,"37","gosp.","37","gosp.","37","gosp.","37","gosp.","37","gosp.",1,"",1,"",1,"",1,"",1,""
"031613101000","Powiat brzeski","2021",6390,7695,5874,4863,4608,"37","gosp.","37","gosp.","37","gosp.","37","gosp.","37","gosp.",1,"",1,"",1,"",1,"",1,""
"031613102000","Powiat głubczycki","2021",3026,3629,2800,2365,2363,"37","gosp.","37","gosp.","37","gosp.","37","gosp.","37","gosp.",1,"",1,"",1,"",1,"",1,""
"031613106000","Powiat namysłowski","2021",2701,3407,2639,2411,2437,"37","gosp.","37","gosp.","37","gosp.","37","gosp.","37","gosp.",1,"",1,"",1,"",1,"",1,""
"031613107000","Powiat nyski","2021",8850,10564,8341,6846,7615,"37","gosp.","37","gosp.","37","gosp.","37","gosp.","37","gosp.",1,"",1,"",1,"",1,"",1,""
"031613110000","Powiat prudnicki","2021",3832,4069,3105,2794,3326,"37","gosp.","37","gosp.","37","gosp.","37","gosp.","37","gosp.",1,"",1,"",1,"",1,"",1,""
"031613203000","Powiat kędzierzyńsko-kozielski","2021",7584,8204,6069,4683,4642,"37","gosp.","37","gosp.","37","gosp.","37","gosp.","37","gosp.",1,"",1,"",1,"",1,"",1,""
"031613204000","Powiat kluczborski","2021",4176,5009,3995,3305,3682,"37","gosp.","37","gosp.","37","gosp.","37","gosp.","37","gosp.",1,"",1,"",1,"",1,"",1,""
"031613205000","Powiat krapkowicki","2021",3510,4199,3605,3297,4035,"37","gosp.","37","gosp.","37","gosp.","37","gosp.","37","gosp.",1,"",1,"",1,"",1,"",1,""
"031613208000","Powiat oleski","2021",3152,3710,3263,3063,4667,"37","gosp.","37","gosp.","37","gosp.","37","gosp.","37","gosp.",1,"",1,"",1,"",1,"",1,""
"031613209000","Powiat opolski","2021",5350,7322,6972,6952,8455,"37","gosp.","37","gosp.","37","gosp.","37","gosp.","37","gosp.",1,"",1,"",1,"",1,"",1,""
"031613211000","Powiat strzelecki","2021",3735,4330,3898,3772,5197,"37","gosp.","37","gosp.","37","gosp.","37","gosp.","37","gosp.",1,"",1,"",1,"",1,"",1,""
"031613261000","Powiat m. Opole","2021",14085,14397,9746,6931,4355,"37","gosp.","37","gosp.","37","gosp.","37","gosp.","37","gosp.",1,"",1,"",1,"",1,"",1,""
"040410603000","Powiat bydgoski","2021",4563,7575,7373,7808,7509,"37","gosp.","37","gosp.","37","gosp.","37","gosp.","37","gosp.",1,"",1,"",1,"",1,"",1,""
"040410615000","Powiat toruński","2021",3757,6047,6150,6745,7446,"37","gosp.","37","gosp.","37","gosp.","37","gosp.","37","gosp.",1,"",1,"",1,"",1,"",1,""
"040410661000","Powiat m. Bydgoszcz","2021",35718,38529,25723,17272,12420,"37","gosp.","37","gosp.","37","gosp.","37","gosp.","37","gosp.",1,"",1,"",1,"",1,"",1,""
"040410663000","Powiat m. Toruń","2021",21795,22886,15017,10262,6979,"37","gosp.","37","gosp.","37","gosp.","37","gosp.","37","gosp.",1,"",1,"",1,"",1,"",1,""
"040410702000","Powiat brodnicki","2021",3928,5001,4422,4325,5256,"37","gosp.","37","gosp.","37","gosp.","37","gosp.","37","gosp.",1,"",1,"",1,"",1,"",1,""
"040410704000","Powiat chełmiński","2021",2533,3374,2831,2542,3371,"37","gosp.","37","gosp.","37","gosp.","37","gosp.","37","gosp.",1,"",1,"",1,"",1,"",1,""
"040410705000","Powiat golubsko-dobrzyński","2021",1862,2452,2310,2234,3204,"37","gosp.","37","gosp.","37","gosp.","37","gosp.","37","gosp.",1,"",1,"",1,"",1,"",1,""
"040410706000","Powiat grudziądzki","2021",1550,2306,2102,2071,2846,"37","gosp.","37","gosp.","37","gosp.","37","gosp.","37","gosp.",1,"",1,"",1,"",1,"",1,""
"040410712000","Powiat rypiński","2021",2169,2765,2340,2247,2881,"37","gosp.","37","gosp.","37","gosp.","37","gosp.","37","gosp.",1,"",1,"",1,"",1,"",1,""
"040410717000","Powiat wąbrzeski","2021",1842,2268,1902,1664,2235,"37","gosp.","37","gosp.","37","gosp.","37","gosp.","37","gosp.",1,"",1,"",1,"",1,"",1,""
"040410762000","Powiat m. Grudziądz","2021",8854,10065,6994,4684,3476,"37","gosp.","37","gosp.","37","gosp.","37","gosp.","37","gosp.",1,"",1,"",1,"",1,"",1,""
"040410801000","Powiat aleksandrowski","2021",3249,3673,3117,2769,3557,"37","gosp.","37","gosp.","37","gosp.","37","gosp.","37","gosp.",1,"",1,"",1,"",1,"",1,""
"040410808000","Powiat lipnowski","2021",2542,3346,3071,3127,4972,"37","gosp.","37","gosp.","37","gosp.","37","gosp.","37","gosp.",1,"",1,"",1,"",1,"",1,""
"040410811000","Powiat radziejowski","2021",1670,2305,2119,2050,2889,"37","gosp.","37","gosp.","37","gosp.","37","gosp.","37","gosp.",1,"",1,"",1,"",1,"",1,""
"040410818000","Powiat włocławski","2021",3298,4803,4573,4255,5989,"37","gosp.","37","gosp.","37","gosp.","37","gosp.","37","gosp.",1,"",1,"",1,"",1,"",1,""
"040410864000","Powiat m. Włocławek","2021",10623,12171,8189,5168,3884,"37","gosp.","37","gosp.","37","gosp.","37","gosp.","37","gosp.",1,"",1,"",1,"",1,"",1,""
"040416707000","Powiat inowrocławski","2021",10909,13643,10910,8407,7917,"37","gosp.","37","gosp.","37","gosp.","37","gosp.","37","gosp.",1,"",1,"",1,"",1,"",1,""
"040416709000","Powiat mogileński","2021",2159,2889,2596,2297,3051,"37","gosp.","37","gosp.","37","gosp.","37","gosp.","37","gosp.",1,"",1,"",1,"",1,"",1,""
"040416710000","Powiat nakielski","2021",3819,5332,4738,4433,5704,"37","gosp.","37","gosp.","37","gosp.","37","gosp.","37","gosp.",1,"",1,"",1,"",1,"",1,""
"040416719000","Powiat żniński","2021",3208,4608,3862,3606,4662,"37","gosp.","37","gosp.","37","gosp.","37","gosp.","37","gosp.",1,"",1,"",1,"",1,"",1,""
"040416813000","Powiat sępoleński","2021",1687,2359,2181,2059,2851,"37","gosp.","37","gosp.","37","gosp.","37","gosp.","37","gosp.",1,"",1,"",1,"",1,"",1,""
"040416814000","Powiat świecki","2021",4769,6576,5371,4940,6453,"37","gosp.","37","gosp.","37","gosp.","37","gosp.","37","gosp.",1,"",1,"",1,"",1,"",1,""
"040416816000","Powiat tucholski","2021",1927,2770,2322,2353,3677,"37","gosp.","37","gosp.","37","gosp.","37","gosp.","37","gosp.",1,"",1,"",1,"",1,"",1,""
"042214004000","Powiat gdański","2021",6146,8569,7851,7986,7251,"37","gosp.","37","gosp.","37","gosp.","37","gosp.","37","gosp.",1,"",1,"",1,"",1,"",1,""
"042214005000","Powiat kartuski","2021",4410,6712,6481,7926,11741,"37","gosp.","37","gosp.","37","gosp.","37","gosp.","37","gosp.",1,"",1,"",1,"",1,"",1,""
"042214010000","Powiat nowodworski","2021",1707,2174,1883,1722,2357,"37","gosp.","37","gosp.","37","gosp.","37","gosp.","37","gosp.",1,"",1,"",1,"",1,"",1,""
"042214011000","Powiat pucki","2021",3709,5100,4715,5020,6148,"37","gosp.","37","gosp.","37","gosp.","37","gosp.","37","gosp.",1,"",1,"",1,"",1,"",1,""
"042214015000","Powiat wejherowski","2021",11444,14810,12887,12488,14075,"37","gosp.","37","gosp.","37","gosp.","37","gosp.","37","gosp.",1,"",1,"",1,"",1,"",1,""
"042214101000","Powiat bytowski","2021",3395,4541,3887,3935,5711,"37","gosp.","37","gosp.","37","gosp.","37","gosp.","37","gosp.",1,"",1,"",1,"",1,"",1,""
"042214108000","Powiat lęborski","2021",4102,4998,3889,3503,3819,"37","gosp.","37","gosp.","37","gosp.","37","gosp.","37","gosp.",1,"",1,"",1,"",1,"",1,""
"042214112000","Powiat słupski","2021",5119,7041,5871,5488,5824,"37","gosp.","37","gosp.","37","gosp.","37","gosp.","37","gosp.",1,"",1,"",1,"",1,"",1,""
"042214163000","Powiat m. Słupsk","2021",9959,10525,7054,4414,2916,"37","gosp.","37","gosp.","37","gosp.","37","gosp.","37","gosp.",1,"",1,"",1,"",1,"",1,""
"042214207000","Powiat kwidzyński","2021",4309,5522,4779,4445,5139,"37","gosp.","37","gosp.","37","gosp.","37","gosp.","37","gosp.",1,"",1,"",1,"",1,"",1,""
"042214209000","Powiat malborski","2021",4184,5266,4051,3237,3314,"37","gosp.","37","gosp.","37","gosp.","37","gosp.","37","gosp.",1,"",1,"",1,"",1,"",1,""
"042214213000","Powiat starogardzki","2021",6095,7605,6402,6450,9051,"37","gosp.","37","gosp.","37","gosp.","37","gosp.","37","gosp.",1,"",1,"",1,"",1,"",1,""
"042214214000","Powiat tczewski","2021",6703,8322,6821,6061,6686,"37","gosp.","37","gosp.","37","gosp.","37","gosp.","37","gosp.",1,"",1,"",1,"",1,"",1,""
"042214216000","Powiat sztumski","2021",2002,2601,2163,2009,2617,"37","gosp.","37","gosp.","37","gosp.","37","gosp.","37","gosp.",1,"",1,"",1,"",1,"",1,""
"042214361000","Powiat m. Gdańsk","2021",57187,58353,36473,26034,15330,"37","gosp.","37","gosp.","37","gosp.","37","gosp.","37","gosp.",1,"",1,"",1,"",1,"",1,""
"042214362000","Powiat m. Gdynia","2021",27256,28535,18325,13090,8364,"37","gosp.","37","gosp.","37","gosp.","37","gosp.","37","gosp.",1,"",1,"",1,"",1,"",1,""
"042214364000","Powiat m. Sopot","2021",4882,4176,2354,1497,1052,"37","gosp.","37","gosp.","37","gosp.","37","gosp.","37","gosp.",1,"",1,"",1,"",1,"",1,""
"042217202000","Powiat chojnicki","2021",3939,5615,4918,4798,7100,"37","gosp.","37","gosp.","37","gosp.","37","gosp.","37","gosp.",1,"",1,"",1,"",1,"",1,""
"042217203000","Powiat człuchowski","2021",2924,3924,3155,2893,3446,"37","gosp.","37","gosp.","37","gosp.","37","gosp.","37","gosp.",1,"",1,"",1,"",1,"",1,""
"042217206000","Powiat kościerski","2021",2879,3695,3073,3463,5735,"37","gosp.","37","gosp.","37","gosp.","37","gosp.","37","gosp.",1,"",1,"",1,"",1,"",1,""
"042815402000","Powiat braniewski","2021",2653,3146,2499,2129,2089,"37","gosp.","37","gosp.","37","gosp.","37","gosp.","37","gosp.",1,"",1,"",1,"",1,"",1,""
"042815403000","Powiat działdowski","2021",3098,4277,3730,3302,4184,"37","gosp.","37","gosp.","37","gosp.","37","gosp.","37","gosp.",1,"",1,"",1,"",1,"",1,""
"042815404000","Powiat elbląski","2021",2755,3541,3165,2975,3642,"37","gosp.","37","gosp.","37","gosp.","37","gosp.","37","gosp.",1,"",1,"",1,"",1,"",1,""
"042815407000","Powiat iławski","2021",4834,6366,5149,4829,5901,"37","gosp.","37","gosp.","37","gosp.","37","gosp.","37","gosp.",1,"",1,"",1,"",1,"",1,""
"042815412000","Powiat nowomiejski","2021",1710,2361,2109,2122,3278,"37","gosp.","37","gosp.","37","gosp.","37","gosp.","37","gosp.",1,"",1,"",1,"",1,"",1,""
"042815415000","Powiat ostródzki","2021",6317,7831,6210,5170,6099,"37","gosp.","37","gosp.","37","gosp.","37","gosp.","37","gosp.",1,"",1,"",1,"",1,"",1,""
"042815461000","Powiat m. Elbląg","2021",10621,12466,8998,6446,4423,"37","gosp.","37","gosp.","37","gosp.","37","gosp.","37","gosp.",1,"",1,"",1,"",1,"",1,""
"042815505000","Powiat ełcki","2021",6191,6897,5748,4876,4961,"37","gosp.","37","gosp.","37","gosp.","37","gosp.","37","gosp.",1,"",1,"",1,"",1,"",1,""
"042815506000","Powiat giżycki","2021",4076,4926,3597,3008,2820,"37","gosp.","37","gosp.","37","gosp.","37","gosp.","37","gosp.",1,"",1,"",1,"",1,"",1,""
"042815513000","Powiat olecki","2021",2163,2470,1975,1676,2023,"37","gosp.","37","gosp.","37","gosp.","37","gosp.","37","gosp.",1,"",1,"",1,"",1,"",1,""
"042815516000","Powiat piski","2021",3264,3908,2990,2796,3477,"37","gosp.","37","gosp.","37","gosp.","37","gosp.","37","gosp.",1,"",1,"",1,"",1,"",1,""
"042815518000","Powiat gołdapski","2021",1677,1917,1575,1377,1533,"37","gosp.","37","gosp.","37","gosp.","37","gosp.","37","gosp.",1,"",1,"",1,"",1,"",1,""
"042815519000","Powiat węgorzewski","2021",1540,1824,1413,1130,1151,"37","gosp.","37","gosp.","37","gosp.","37","gosp.","37","gosp.",1,"",1,"",1,"",1,"",1,""
"042815601000","Powiat bartoszycki","2021",3985,4719,3701,2915,2884,"37","gosp.","37","gosp.","37","gosp.","37","gosp.","37","gosp.",1,"",1,"",1,"",1,"",1,""
"042815608000","Powiat kętrzyński","2021",4772,5504,4069,3221,2909,"37","gosp.","37","gosp.","37","gosp.","37","gosp.","37","gosp.",1,"",1,"",1,"",1,"",1,""
"042815609000","Powiat lidzbarski","2021",2828,3306,2570,1989,2197,"37","gosp.","37","gosp.","37","gosp.","37","gosp.","37","gosp.",1,"",1,"",1,"",1,"",1,""
"042815610000","Powiat mrągowski","2021",3119,3948,2952,2549,2882,"37","gosp.","37","gosp.","37","gosp.","37","gosp.","37","gosp.",1,"",1,"",1,"",1,"",1,""
"042815611000","Powiat nidzicki","2021",1807,2255,1747,1599,2040,"37","gosp.","37","gosp.","37","gosp.","37","gosp.","37","gosp.",1,"",1,"",1,"",1,"",1,""
"042815614000","Powiat olsztyński","2021",6482,9115,8058,7563,7348,"37","gosp.","37","gosp.","37","gosp.","37","gosp.","37","gosp.",1,"",1,"",1,"",1,"",1,""
"042815617000","Powiat szczycieński","2021",3647,4558,3663,3363,4447,"37","gosp.","37","gosp.","37","gosp.","37","gosp.","37","gosp.",1,"",1,"",1,"",1,"",1,""
"042815662000","Powiat m. Olsztyn","2021",19841,19801,13432,9340,5332,"37","gosp.","37","gosp.","37","gosp.","37","gosp.","37","gosp.",1,"",1,"",1,"",1,"",1,""
"051011506000","Powiat łódzki wschodni","2021",3501,4986,4365,4472,4571,"37","gosp.","37","gosp.","37","gosp.","37","gosp.","37","gosp.",1,"",1,"",1,"",1,"",1,""
"051011508000","Powiat pabianicki","2021",11042,11506,8779,6560,5167,"37","gosp.","37","gosp.","37","gosp.","37","gosp.","37","gosp.",1,"",1,"",1,"",1,"",1,""
"051011520000","Powiat zgierski","2021",12735,14692,11372,9370,8264,"37","gosp.","37","gosp.","37","gosp.","37","gosp.","37","gosp.",1,"",1,"",1,"",1,"",1,""
"051011521000","Powiat brzeziński","2021",1801,2023,1862,1723,1937,"37","gosp.","37","gosp.","37","gosp.","37","gosp.","37","gosp.",1,"",1,"",1,"",1,"",1,""
"051011661000","Powiat m. Łódź","2021",100265,89526,52145,30623,16710,"37","gosp.","37","gosp.","37","gosp.","37","gosp.","37","gosp.",1,"",1,"",1,"",1,"",1,""
"051011701000","Powiat bełchatowski","2021",6492,9171,7251,6888,5908,"37","gosp.","37","gosp.","37","gosp.","37","gosp.","37","gosp.",1,"",1,"",1,"",1,"",1,""
"051011707000","Powiat opoczyński","2021",3952,4663,3919,3947,5294,"37","gosp.","37","gosp.","37","gosp.","37","gosp.","37","gosp.",1,"",1,"",1,"",1,"",1,""
"051011710000","Powiat piotrkowski","2021",3691,4725,4437,5068,7026,"37","gosp.","37","gosp.","37","gosp.","37","gosp.","37","gosp.",1,"",1,"",1,"",1,"",1,""
"051011712000","Powiat radomszczański","2021",7014,8325,6579,5893,6854,"37","gosp.","37","gosp.","37","gosp.","37","gosp.","37","gosp.",1,"",1,"",1,"",1,"",1,""
"051011716000","Powiat tomaszowski","2021",8582,9416,7187,6036,6527,"37","gosp.","37","gosp.","37","gosp.","37","gosp.","37","gosp.",1,"",1,"",1,"",1,"",1,""
"051011762000","Powiat m. Piotrków Trybunalski","2021",7150,7638,5169,3662,2692,"37","gosp.","37","gosp.","37","gosp.","37","gosp.","37","gosp.",1,"",1,"",1,"",1,"",1,""
"051011803000","Powiat łaski","2021",3243,3704,3000,2706,3019,"37","gosp.","37","gosp.","37","gosp.","37","gosp.","37","gosp.",1,"",1,"",1,"",1,"",1,""
"051011809000","Powiat pajęczański","2021",2242,2862,2622,2715,3762,"37","gosp.","37","gosp.","37","gosp.","37","gosp.","37","gosp.",1,"",1,"",1,"",1,"",1,""
"051011811000","Powiat poddębicki","2021",2416,2692,2198,2040,2807,"37","gosp.","37","gosp.","37","gosp.","37","gosp.","37","gosp.",1,"",1,"",1,"",1,"",1,""
"051011814000","Powiat sieradzki","2021",6345,7614,6308,5892,8001,"37","gosp.","37","gosp.","37","gosp.","37","gosp.","37","gosp.",1,"",1,"",1,"",1,"",1,""
"051011817000","Powiat wieluński","2021",3797,4709,3929,3933,5383,"37","gosp.","37","gosp.","37","gosp.","37","gosp.","37","gosp.",1,"",1,"",1,"",1,"",1,""
"051011818000","Powiat wieruszowski","2021",1714,2289,2124,2176,3242,"37","gosp.","37","gosp.","37","gosp.","37","gosp.","37","gosp.",1,"",1,"",1,"",1,"",1,""
"051011819000","Powiat zduńskowolski","2021",4611,5235,4285,3707,3481,"37","gosp.","37","gosp.","37","gosp.","37","gosp.","37","gosp.",1,"",1,"",1,"",1,"",1,""
"051011902000","Powiat kutnowski","2021",7638,8751,6623,4817,4641,"37","gosp.","37","gosp.","37","gosp.","37","gosp.","37","gosp.",1,"",1,"",1,"",1,"",1,""
"051011904000","Powiat łęczycki","2021",2965,3193,2682,2267,3466,"37","gosp.","37","gosp.","37","gosp.","37","gosp.","37","gosp.",1,"",1,"",1,"",1,"",1,""
"051011905000","Powiat łowicki","2021",4469,4883,4115,3845,5441,"37","gosp.","37","gosp.","37","gosp.","37","gosp.","37","gosp.",1,"",1,"",1,"",1,"",1,""
"051011913000","Powiat rawski","2021",2512,3079,2548,2444,3358,"37","gosp.","37","gosp.","37","gosp.","37","gosp.","37","gosp.",1,"",1,"",1,"",1,"",1,""
"051011915000","Powiat skierniewicki","2021",1456,1719,1640,2011,3245,"37","gosp.","37","gosp.","37","gosp.","37","gosp.","37","gosp.",1,"",1,"",1,"",1,"",1,""
"051011963000","Powiat m. Skierniewice","2021",4158,4818,3308,2733,1984,"37","gosp.","37","gosp.","37","gosp.","37","gosp.","37","gosp.",1,"",1,"",1,"",1,"",1,""
"052615204000","Powiat kielecki","2021",6278,9049,9195,11386,17071,"37","gosp.","37","gosp.","37","gosp.","37","gosp.","37","gosp.",1,"",1,"",1,"",1,"",1,""
"052615205000","Powiat konecki","2021",4682,5757,4788,4108,4623,"37","gosp.","37","gosp.","37","gosp.","37","gosp.","37","gosp.",1,"",1,"",1,"",1,"",1,""
"052615207000","Powiat ostrowiecki","2021",8046,9582,6999,5337,5504,"37","gosp.","37","gosp.","37","gosp.","37","gosp.","37","gosp.",1,"",1,"",1,"",1,"",1,""
"052615210000","Powiat skarżyski","2021",5839,6503,4759,3708,3650,"37","gosp.","37","gosp.","37","gosp.","37","gosp.","37","gosp.",1,"",1,"",1,"",1,"",1,""
"052615211000","Powiat starachowicki","2021",5669,6730,5164,4416,5364,"37","gosp.","37","gosp.","37","gosp.","37","gosp.","37","gosp.",1,"",1,"",1,"",1,"",1,""
"052615261000","Powiat m. Kielce","2021",20103,20517,14219,9974,6790,"37","gosp.","37","gosp.","37","gosp.","37","gosp.","37","gosp.",1,"",1,"",1,"",1,"",1,""
"052615301000","Powiat buski","2021",3857,4355,3783,3478,5005,"37","gosp.","37","gosp.","37","gosp.","37","gosp.","37","gosp.",1,"",1,"",1,"",1,"",1,""
"052615302000","Powiat jędrzejowski","2021",4410,5247,4426,4387,6027,"37","gosp.","37","gosp.","37","gosp.","37","gosp.","37","gosp.",1,"",1,"",1,"",1,"",1,""
"052615303000","Powiat kazimierski","2021",1487,1738,1550,1520,2672,"37","gosp.","37","gosp.","37","gosp.","37","gosp.","37","gosp.",1,"",1,"",1,"",1,"",1,""
"052615306000","Powiat opatowski","2021",2892,3196,2790,2459,3481,"37","gosp.","37","gosp.","37","gosp.","37","gosp.","37","gosp.",1,"",1,"",1,"",1,"",1,""
"052615308000","Powiat pińczowski","2021",2398,2577,2134,1923,2553,"37","gosp.","37","gosp.","37","gosp.","37","gosp.","37","gosp.",1,"",1,"",1,"",1,"",1,""
"052615309000","Powiat sandomierski","2021",3872,4758,4083,3756,5325,"37","gosp.","37","gosp.","37","gosp.","37","gosp.","37","gosp.",1,"",1,"",1,"",1,"",1,""
"052615312000","Powiat staszowski","2021",3413,4437,3755,3691,4940,"37","gosp.","37","gosp.","37","gosp.","37","gosp.","37","gosp.",1,"",1,"",1,"",1,"",1,""
"052615313000","Powiat włoszczowski","2021",2224,2605,2223,2226,3333,"37","gosp.","37","gosp.","37","gosp.","37","gosp.","37","gosp.",1,"",1,"",1,"",1,"",1,""
"060610901000","Powiat bialski","2021",5921,6568,5480,5620,7728,"37","gosp.","37","gosp.","37","gosp.","37","gosp.","37","gosp.",1,"",1,"",1,"",1,"",1,""
"060610913000","Powiat parczewski","2021",2091,2268,1874,1792,2168,"37","gosp.","37","gosp.","37","gosp.","37","gosp.","37","gosp.",1,"",1,"",1,"",1,"",1,""
"060610915000","Powiat radzyński","2021",2950,3446,2856,2851,4240,"37","gosp.","37","gosp.","37","gosp.","37","gosp.","37","gosp.",1,"",1,"",1,"",1,"",1,""
"060610919000","Powiat włodawski","2021",2458,2974,2138,1933,2206,"37","gosp.","37","gosp.","37","gosp.","37","gosp.","37","gosp.",1,"",1,"",1,"",1,"",1,""
"060610961000","Powiat m. Biała Podlaska","2021",4576,5321,3864,3023,2698,"37","gosp.","37","gosp.","37","gosp.","37","gosp.","37","gosp.",1,"",1,"",1,"",1,"",1,""
"060611002000","Powiat biłgorajski","2021",4133,4836,4587,5033,8044,"37","gosp.","37","gosp.","37","gosp.","37","gosp.","37","gosp.",1,"",1,"",1,"",1,"",1,""
"060611003000","Powiat chełmski","2021",4259,4910,4288,4103,5041,"37","gosp.","37","gosp.","37","gosp.","37","gosp.","37","gosp.",1,"",1,"",1,"",1,"",1,""
"060611004000","Powiat hrubieszowski","2021",3831,4586,3528,3016,3835,"37","gosp.","37","gosp.","37","gosp.","37","gosp.","37","gosp.",1,"",1,"",1,"",1,"",1,""
"060611006000","Powiat krasnostawski","2021",3845,4473,3563,3130,3925,"37","gosp.","37","gosp.","37","gosp.","37","gosp.","37","gosp.",1,"",1,"",1,"",1,"",1,""
"060611018000","Powiat tomaszowski","2021",4279,5150,4354,4042,5668,"37","gosp.","37","gosp.","37","gosp.","37","gosp.","37","gosp.",1,"",1,"",1,"",1,"",1,""
"060611020000","Powiat zamojski","2021",4968,5669,5200,5394,7772,"37","gosp.","37","gosp.","37","gosp.","37","gosp.","37","gosp.",1,"",1,"",1,"",1,"",1,""
"060611062000","Powiat m. Chełm","2021",5637,6284,4570,3127,2458,"37","gosp.","37","gosp.","37","gosp.","37","gosp.","37","gosp.",1,"",1,"",1,"",1,"",1,""
"060611064000","Powiat m. Zamość","2021",5023,5836,4312,3370,2808,"37","gosp.","37","gosp.","37","gosp.","37","gosp.","37","gosp.",1,"",1,"",1,"",1,"",1,""
"060611108000","Powiat lubartowski","2021",4215,5244,4482,4550,6264,"37","gosp.","37","gosp.","37","gosp.","37","gosp.","37","gosp.",1,"",1,"",1,"",1,"",1,""
"060611109000","Powiat lubelski","2021",6039,8300,8375,9352,11877,"37","gosp.","37","gosp.","37","gosp.","37","gosp.","37","gosp.",1,"",1,"",1,"",1,"",1,""
"060611110000","Powiat łęczyński","2021",2642,3726,3380,3394,3575,"37","gosp.","37","gosp.","37","gosp.","37","gosp.","37","gosp.",1,"",1,"",1,"",1,"",1,""
"060611117000","Powiat świdnicki","2021",4860,5997,4695,3898,3847,"37","gosp.","37","gosp.","37","gosp.","37","gosp.","37","gosp.",1,"",1,"",1,"",1,"",1,""
"060611163000","Powiat m. Lublin","2021",36970,36015,24277,17303,13066,"37","gosp.","37","gosp.","37","gosp.","37","gosp.","37","gosp.",1,"",1,"",1,"",1,"",1,""
"060611205000","Powiat janowski","2021",1710,2000,1905,1955,3879,"37","gosp.","37","gosp.","37","gosp.","37","gosp.","37","gosp.",1,"",1,"",1,"",1,"",1,""
"060611207000","Powiat kraśnicki","2021",4779,5734,4784,4546,6688,"37","gosp.","37","gosp.","37","gosp.","37","gosp.","37","gosp.",1,"",1,"",1,"",1,"",1,""
"060611211000","Powiat łukowski","2021",4683,5766,4699,5191,8130,"37","gosp.","37","gosp.","37","gosp.","37","gosp.","37","gosp.",1,"",1,"",1,"",1,"",1,""
"060611212000","Powiat opolski","2021",3113,3592,3016,2828,4248,"37","gosp.","37","gosp.","37","gosp.","37","gosp.","37","gosp.",1,"",1,"",1,"",1,"",1,""
"060611214000","Powiat puławski","2021",7890,9241,6635,5787,6396,"37","gosp.","37","gosp.","37","gosp.","37","gosp.","37","gosp.",1,"",1,"",1,"",1,"",1,""
"060611216000","Powiat rycki","2021",3264,3863,2847,2809,3541,"37","gosp.","37","gosp.","37","gosp.","37","gosp.","37","gosp.",1,"",1,"",1,"",1,"",1,""
"061813301000","Powiat bieszczadzki","2021",1083,1416,1182,1080,1412,"37","gosp.","37","gosp.","37","gosp.","37","gosp.","37","gosp.",1,"",1,"",1,"",1,"",1,""
"061813302000","Powiat brzozowski","2021",2213,2728,2783,3366,5533,"37","gosp.","37","gosp.","37","gosp.","37","gosp.","37","gosp.",1,"",1,"",1,"",1,"",1,""
"061813305000","Powiat jasielski","2021",4604,5881,5677,5925,8640,"37","gosp.","37","gosp.","37","gosp.","37","gosp.","37","gosp.",1,"",1,"",1,"",1,"",1,""
"061813307000","Powiat krośnieński","2021",3687,4871,4994,5791,9316,"37","gosp.","37","gosp.","37","gosp.","37","gosp.","37","gosp.",1,"",1,"",1,"",1,"",1,""
"061813317000","Powiat sanocki","2021",4424,5516,5008,4819,6597,"37","gosp.","37","gosp.","37","gosp.","37","gosp.","37","gosp.",1,"",1,"",1,"",1,"",1,""
"061813321000","Powiat leski","2021",1139,1487,1377,1224,1984,"37","gosp.","37","gosp.","37","gosp.","37","gosp.","37","gosp.",1,"",1,"",1,"",1,"",1,""
"061813361000","Powiat m. Krosno","2021",3513,4098,3045,2540,2271,"37","gosp.","37","gosp.","37","gosp.","37","gosp.","37","gosp.",1,"",1,"",1,"",1,"",1,""
"061813404000","Powiat jarosławski","2021",5074,6210,6019,5931,9019,"37","gosp.","37","gosp.","37","gosp.","37","gosp.","37","gosp.",1,"",1,"",1,"",1,"",1,""
"061813409000","Powiat lubaczowski","2021",2318,2934,2742,2752,4136,"37","gosp.","37","gosp.","37","gosp.","37","gosp.","37","gosp.",1,"",1,"",1,"",1,"",1,""
"061813413000","Powiat przemyski","2021",2432,3253,3388,3704,5929,"37","gosp.","37","gosp.","37","gosp.","37","gosp.","37","gosp.",1,"",1,"",1,"",1,"",1,""
"061813414000","Powiat przeworski","2021",3076,3782,3726,4056,6169,"37","gosp.","37","gosp.","37","gosp.","37","gosp.","37","gosp.",1,"",1,"",1,"",1,"",1,""
"061813462000","Powiat m. Przemyśl","2021",5569,5733,4258,3075,2510,"37","gosp.","37","gosp.","37","gosp.","37","gosp.","37","gosp.",1,"",1,"",1,"",1,"",1,""
"061813506000","Powiat kolbuszowski","2021",1868,2296,2570,2976,5542,"37","gosp.","37","gosp.","37","gosp.","37","gosp.","37","gosp.",1,"",1,"",1,"",1,"",1,""
"061813510000","Powiat łańcucki","2021",2938,3718,3657,4369,6596,"37","gosp.","37","gosp.","37","gosp.","37","gosp.","37","gosp.",1,"",1,"",1,"",1,"",1,""
"061813515000","Powiat ropczycko-sędziszowski","2021",2429,2977,3287,3961,6198,"37","gosp.","37","gosp.","37","gosp.","37","gosp.","37","gosp.",1,"",1,"",1,"",1,"",1,""
"061813516000","Powiat rzeszowski","2021",5645,7249,8184,10103,13819,"37","gosp.","37","gosp.","37","gosp.","37","gosp.","37","gosp.",1,"",1,"",1,"",1,"",1,""
"061813519000","Powiat strzyżowski","2021",2184,2618,2755,3081,5053,"37","gosp.","37","gosp.","37","gosp.","37","gosp.","37","gosp.",1,"",1,"",1,"",1,"",1,""
"061813563000","Powiat m. Rzeszów","2021",18879,18675,14006,11566,8265,"37","gosp.","37","gosp.","37","gosp.","37","gosp.","37","gosp.",1,"",1,"",1,"",1,"",1,""
"061813603000","Powiat dębicki","2021",4884,6417,6475,7049,10657,"37","gosp.","37","gosp.","37","gosp.","37","gosp.","37","gosp.",1,"",1,"",1,"",1,"",1,""
"061813608000","Powiat leżajski","2021",2545,3192,3070,3318,5734,"37","gosp.","37","gosp.","37","gosp.","37","gosp.","37","gosp.",1,"",1,"",1,"",1,"",1,""
"061813611000","Powiat mielecki","2021",6379,7868,7190,7616,9598,"37","gosp.","37","gosp.","37","gosp.","37","gosp.","37","gosp.",1,"",1,"",1,"",1,"",1,""
"061813612000","Powiat niżański","2021",2525,3158,3108,3378,5258,"37","gosp.","37","gosp.","37","gosp.","37","gosp.","37","gosp.",1,"",1,"",1,"",1,"",1,""
"061813618000","Powiat stalowowolski","2021",6497,8027,6468,5574,6311,"37","gosp.","37","gosp.","37","gosp.","37","gosp.","37","gosp.",1,"",1,"",1,"",1,"",1,""
"061813620000","Powiat tarnobrzeski","2021",2183,3004,2906,2941,3798,"37","gosp.","37","gosp.","37","gosp.","37","gosp.","37","gosp.",1,"",1,"",1,"",1,"",1,""
"061813664000","Powiat m. Tarnobrzeg","2021",3760,4595,3322,2560,1944,"37","gosp.","37","gosp.","37","gosp.","37","gosp.","37","gosp.",1,"",1,"",1,"",1,"",1,""
"062013702000","Powiat białostocki","2021",7983,9861,8915,9364,9783,"37","gosp.","37","gosp.","37","gosp.","37","gosp.","37","gosp.",1,"",1,"",1,"",1,"",1,""
"062013711000","Powiat sokólski","2021",4062,4291,3460,3109,4439,"37","gosp.","37","gosp.","37","gosp.","37","gosp.","37","gosp.",1,"",1,"",1,"",1,"",1,""
"062013761000","Powiat m. Białystok","2021",31097,30278,21806,17254,11134,"37","gosp.","37","gosp.","37","gosp.","37","gosp.","37","gosp.",1,"",1,"",1,"",1,"",1,""
"062013803000","Powiat bielski","2021",4210,4405,3204,2692,3042,"37","gosp.","37","gosp.","37","gosp.","37","gosp.","37","gosp.",1,"",1,"",1,"",1,"",1,""
"062013805000","Powiat hajnowski","2021",4283,4568,2731,2106,1725,"37","gosp.","37","gosp.","37","gosp.","37","gosp.","37","gosp.",1,"",1,"",1,"",1,"",1,""
"062013806000","Powiat kolneński","2021",1369,1610,1536,1609,3212,"37","gosp.","37","gosp.","37","gosp.","37","gosp.","37","gosp.",1,"",1,"",1,"",1,"",1,""
"062013807000","Powiat łomżyński","2021",1705,2115,2091,2360,4404,"37","gosp.","37","gosp.","37","gosp.","37","gosp.","37","gosp.",1,"",1,"",1,"",1,"",1,""
"062013810000","Powiat siemiatycki","2021",2844,3020,2184,1939,2943,"37","gosp.","37","gosp.","37","gosp.","37","gosp.","37","gosp.",1,"",1,"",1,"",1,"",1,""
"062013813000","Powiat wysokomazowiecki","2021",2423,2791,2420,2478,4621,"37","gosp.","37","gosp.","37","gosp.","37","gosp.","37","gosp.",1,"",1,"",1,"",1,"",1,""
"062013814000","Powiat zambrowski","2021",2292,2780,2244,2205,2976,"37","gosp.","37","gosp.","37","gosp.","37","gosp.","37","gosp.",1,"",1,"",1,"",1,"",1,""
"062013862000","Powiat m. Łomża","2021",4753,5456,4279,3556,2972,"37","gosp.","37","gosp.","37","gosp.","37","gosp.","37","gosp.",1,"",1,"",1,"",1,"",1,""
"062013901000","Powiat augustowski","2021",3217,3580,3062,2820,3919,"37","gosp.","37","gosp.","37","gosp.","37","gosp.","37","gosp.",1,"",1,"",1,"",1,"",1,""
"062013904000","Powiat grajewski","2021",2359,2743,2415,2222,3348,"37","gosp.","37","gosp.","37","gosp.","37","gosp.","37","gosp.",1,"",1,"",1,"",1,"",1,""
"062013908000","Powiat moniecki","2021",1860,1981,1736,1663,3161,"37","gosp.","37","gosp.","37","gosp.","37","gosp.","37","gosp.",1,"",1,"",1,"",1,"",1,""
"062013909000","Powiat sejneński","2021",1094,1175,1050,987,1388,"37","gosp.","37","gosp.","37","gosp.","37","gosp.","37","gosp.",1,"",1,"",1,"",1,"",1,""
"062013912000","Powiat suwalski","2021",1377,1766,1573,1608,2941,"37","gosp.","37","gosp.","37","gosp.","37","gosp.","37","gosp.",1,"",1,"",1,"",1,"",1,""
"062013963000","Powiat m. Suwałki","2021",5402,6087,4806,4023,3421,"37","gosp.","37","gosp.","37","gosp.","37","gosp.","37","gosp.",1,"",1,"",1,"",1,"",1,""
"071412865000","Powiat m. st. Warszawa","2021",277628,232406,135214,96039,49761,"37","gosp.","37","gosp.","37","gosp.","37","gosp.","37","gosp.",1,"",1,"",1,"",1,"",1,""
"071412908000","Powiat legionowski","2021",8234,10799,8846,8495,5966,"37","gosp.","37","gosp.","37","gosp.","37","gosp.","37","gosp.",1,"",1,"",1,"",1,"",1,""
"071412912000","Powiat miński","2021",8505,10003,8645,9473,10458,"37","gosp.","37","gosp.","37","gosp.","37","gosp.","37","gosp.",1,"",1,"",1,"",1,"",1,""
"071412917000","Powiat otwocki","2021",7728,8823,7051,7015,7943,"37","gosp.","37","gosp.","37","gosp.","37","gosp.","37","gosp.",1,"",1,"",1,"",1,"",1,""
"071412934000","Powiat wołomiński","2021",14543,17309,15920,16689,16034,"37","gosp.","37","gosp.","37","gosp.","37","gosp.","37","gosp.",1,"",1,"",1,"",1,"",1,""
"071413005000","Powiat grodziski","2021",6461,8016,6499,6341,5378,"37","gosp.","37","gosp.","37","gosp.","37","gosp.","37","gosp.",1,"",1,"",1,"",1,"",1,""
"071413014000","Powiat nowodworski","2021",5049,6285,5036,4304,4606,"37","gosp.","37","gosp.","37","gosp.","37","gosp.","37","gosp.",1,"",1,"",1,"",1,"",1,""
"071413018000","Powiat piaseczyński","2021",14264,16751,14263,13583,9793,"37","gosp.","37","gosp.","37","gosp.","37","gosp.","37","gosp.",1,"",1,"",1,"",1,"",1,""
"071413021000","Powiat pruszkowski","2021",13387,15349,12135,11039,8243,"37","gosp.","37","gosp.","37","gosp.","37","gosp.","37","gosp.",1,"",1,"",1,"",1,"",1,""
"071413032000","Powiat warszawski zachodni","2021",6661,9330,8194,8475,7008,"37","gosp.","37","gosp.","37","gosp.","37","gosp.","37","gosp.",1,"",1,"",1,"",1,"",1,""
"071422502000","Powiat ciechanowski","2021",5117,6559,5164,4715,5360,"37","gosp.","37","gosp.","37","gosp.","37","gosp.","37","gosp.",1,"",1,"",1,"",1,"",1,""
"071422513000","Powiat mławski","2021",3908,4751,4038,3768,4722,"37","gosp.","37","gosp.","37","gosp.","37","gosp.","37","gosp.",1,"",1,"",1,"",1,"",1,""
"071422520000","Powiat płoński","2021",4389,5495,4566,4321,5992,"37","gosp.","37","gosp.","37","gosp.","37","gosp.","37","gosp.",1,"",1,"",1,"",1,"",1,""
"071422524000","Powiat pułtuski","2021",2563,3089,2684,2589,3614,"37","gosp.","37","gosp.","37","gosp.","37","gosp.","37","gosp.",1,"",1,"",1,"",1,"",1,""
"071422537000","Powiat żuromiński","2021",1445,2049,1881,1708,2997,"37","gosp.","37","gosp.","37","gosp.","37","gosp.","37","gosp.",1,"",1,"",1,"",1,"",1,""
"071422611000","Powiat makowski","2021",2210,2726,2133,2151,3187,"37","gosp.","37","gosp.","37","gosp.","37","gosp.","37","gosp.",1,"",1,"",1,"",1,"",1,""
"071422615000","Powiat ostrołęcki","2021",2501,3396,3523,4299,7685,"37","gosp.","37","gosp.","37","gosp.","37","gosp.","37","gosp.",1,"",1,"",1,"",1,"",1,""
"071422616000","Powiat ostrowski","2021",3652,4237,3601,3436,5213,"37","gosp.","37","gosp.","37","gosp.","37","gosp.","37","gosp.",1,"",1,"",1,"",1,"",1,""
"071422622000","Powiat przasnyski","2021",2457,2940,2452,2582,3725,"37","gosp.","37","gosp.","37","gosp.","37","gosp.","37","gosp.",1,"",1,"",1,"",1,"",1,""
"071422635000","Powiat wyszkowski","2021",3172,4247,3561,3853,5509,"37","gosp.","37","gosp.","37","gosp.","37","gosp.","37","gosp.",1,"",1,"",1,"",1,"",1,""
"071422661000","Powiat m. Ostrołęka","2021",3965,4642,3461,2789,2427,"37","gosp.","37","gosp.","37","gosp.","37","gosp.","37","gosp.",1,"",1,"",1,"",1,"",1,""
"071422701000","Powiat białobrzeski","2021",1453,1697,1485,1720,2644,"37","gosp.","37","gosp.","37","gosp.","37","gosp.","37","gosp.",1,"",1,"",1,"",1,"",1,""
"071422707000","Powiat kozienicki","2021",3306,4111,3335,3144,3766,"37","gosp.","37","gosp.","37","gosp.","37","gosp.","37","gosp.",1,"",1,"",1,"",1,"",1,""
"071422709000","Powiat lipski","2021",1849,2179,1682,1684,2336,"37","gosp.","37","gosp.","37","gosp.","37","gosp.","37","gosp.",1,"",1,"",1,"",1,"",1,""
"071422723000","Powiat przysuski","2021",2128,2421,1915,1948,3004,"37","gosp.","37","gosp.","37","gosp.","37","gosp.","37","gosp.",1,"",1,"",1,"",1,"",1,""
"071422725000","Powiat radomski","2021",5765,7627,6804,8077,11892,"37","gosp.","37","gosp.","37","gosp.","37","gosp.","37","gosp.",1,"",1,"",1,"",1,"",1,""
"071422730000","Powiat szydłowiecki","2021",1900,2237,1925,2025,2771,"37","gosp.","37","gosp.","37","gosp.","37","gosp.","37","gosp.",1,"",1,"",1,"",1,"",1,""
"071422736000","Powiat zwoleński","2021",1584,1929,1705,1778,2748,"37","gosp.","37","gosp.","37","gosp.","37","gosp.","37","gosp.",1,"",1,"",1,"",1,"",1,""
"071422763000","Powiat m. Radom","2021",18111,18862,13889,11384,9354,"37","gosp.","37","gosp.","37","gosp.","37","gosp.","37","gosp.",1,"",1,"",1,"",1,"",1,""
"071427004000","Powiat gostyniński","2021",2616,3116,2533,2291,2784,"37","gosp.","37","gosp.","37","gosp.","37","gosp.","37","gosp.",1,"",1,"",1,"",1,"",1,""
"071427019000","Powiat płocki","2021",3720,5610,5732,6052,8191,"37","gosp.","37","gosp.","37","gosp.","37","gosp.","37","gosp.",1,"",1,"",1,"",1,"",1,""
"071427027000","Powiat sierpecki","2021",2453,3267,2649,2546,3537,"37","gosp.","37","gosp.","37","gosp.","37","gosp.","37","gosp.",1,"",1,"",1,"",1,"",1,""
"071427062000","Powiat m. Płock","2021",11868,12983,9001,6139,4127,"37","gosp.","37","gosp.","37","gosp.","37","gosp.","37","gosp.",1,"",1,"",1,"",1,"",1,""
"071427103000","Powiat garwoliński","2021",4498,5302,4673,5431,8706,"37","gosp.","37","gosp.","37","gosp.","37","gosp.","37","gosp.",1,"",1,"",1,"",1,"",1,""
"071427110000","Powiat łosicki","2021",1661,1806,1458,1397,2297,"37","gosp.","37","gosp.","37","gosp.","37","gosp.","37","gosp.",1,"",1,"",1,"",1,"",1,""
"071427126000","Powiat siedlecki","2021",3043,3707,3436,4129,6692,"37","gosp.","37","gosp.","37","gosp.","37","gosp.","37","gosp.",1,"",1,"",1,"",1,"",1,""
"071427129000","Powiat sokołowski","2021",3120,3501,2693,2551,3607,"37","gosp.","37","gosp.","37","gosp.","37","gosp.","37","gosp.",1,"",1,"",1,"",1,"",1,""
"071427133000","Powiat węgrowski","2021",3289,3789,3031,3096,4811,"37","gosp.","37","gosp.","37","gosp.","37","gosp.","37","gosp.",1,"",1,"",1,"",1,"",1,""
"071427164000","Powiat m. Siedlce","2021",7258,7523,5411,4556,3156,"37","gosp.","37","gosp.","37","gosp.","37","gosp.","37","gosp.",1,"",1,"",1,"",1,"",1,""
"071427306000","Powiat grójecki","2021",5688,6593,5506,5380,6618,"37","gosp.","37","gosp.","37","gosp.","37","gosp.","37","gosp.",1,"",1,"",1,"",1,"",1,""
"071427328000","Powiat sochaczewski","2021",4638,5618,4798,4806,5437,"37","gosp.","37","gosp.","37","gosp.","37","gosp.","37","gosp.",1,"",1,"",1,"",1,"",1,""
"071427338000","Powiat żyrardowski","2021",6651,6529,4754,4196,3952,"37","gosp.","37","gosp.","37","gosp.","37","gosp.","37","gosp.",1,"",1,"",1,"",1,"",1,""
